
<core:FragmentDefinition xmlns="sap.m" xmlns:core="sap.ui.core" xmlns:smartform="sap.ui.comp.smartform"
	xmlns:smartfield="sap.ui.comp.smartfield" xmlns:layout="sap.ui.layout">
	<Dialog title="{@i18n>xbut.AssignOrderLabel}" contentWidth="20em" afterClose="afterDialogClosed">
		<content>
			<smartform:SmartForm flexEnabled="false" editTogglable="false" editable="true" id="AssignOrderSmartForm">
				<smartform:layout>
					<smartform:Layout columnsL="1" columnsM="1" emptySpanL="1" emptySpanM="0" labelSpanL="0" labelSpanM="0"/>
				</smartform:layout>
				<smartform:groups>
					<smartform:Group>
						<smartform:GroupElement>
							<smartfield:SmartField id="AssignWorkCenterField"  value="{MaintOrdMainWorkCenter}" mandatory="true" />
						</smartform:GroupElement>
                        <smartform:GroupElement>
							<smartfield:SmartField id="AssignWorkCenterPlantField"  value="{MaintOrdMainWorkCenterPlant}" mandatory="true" />
						</smartform:GroupElement>
					</smartform:Group>
				</smartform:groups>
			</smartform:SmartForm>
		</content>
		<beginButton>
			<Button id="submitButton" press="onOkPressed" type="Emphasized" text="{@i18n>xbut.AssignOrderLabel}"/>
		</beginButton>
		<endButton>
			<Button id="cancelButton" press="onCancelPressed" text="{@i18n>xbut.cancel}"/>
		</endButton>
	</Dialog>
</core:FragmentDefinition>