{
  "test/flpSandboxMockServer.html": 1629114728209,
  "i18n/i18n_de.properties": 1629289442498,
  "i18n/i18n_en.properties": 1629289442478,
  "ext/controls/ExtScanner.js": 1629124827109,
  "ext/lib/zxingjs0153.min.js": 1629123994303,
  "manifest.json": 1629272844399,
  "ext/controller/ListReportExtension.controller.js": 1635273727124,
  "utils/locate-reuse-libs.js": 1629114351436,
  "test/changes_preview.js": 1629114708589,
  "test/changes_loader.js": 1629114351432,
  "localService/mockserver.js": 1629114691249,
  "Component.js": 1629114659061,
  "manifest-bundle.zip": 1635273825509,
  "Component-preload.js": 1635273828201,
  "localService/mockserver-dbg.js": 1629114691249,
  "ext/controls/ExtScanner-dbg.js": 1629124827109,
  "ext/controller/ListReportExtension-dbg.controller.js": 1635273727124,
  "utils/locate-reuse-libs-dbg.js": 1629114351436,
  "test/changes_preview-dbg.js": 1629114708589,
  "test/changes_loader-dbg.js": 1629114351432,
  "ext/lib/zxingjs0153.min-dbg.js": 1629123994303,
  "Component-dbg.js": 1629114659061,
  "ext/controls/fragments/toolbar.fragment.xml": 1629124057198,
  "ext/controls/fragments/settingsPopover.fragment.xml": 1629124057198,
  "ext/controls/fragments/scanDialog.fragment.xml": 1629124057198,
  "ext/controls/fragments/inputDialog.fragment.xml": 1629124057194,
  "ext/fragments/ValueHelpPersonnelnumber.fragment.xml": 1629288774492,
  "ext/fragments/TimeConfirmationDialog.fragment_copy.xml": 1629274907258,
  "ext/fragments/TimeConfirmationDialog.fragment.xml": 1635273620647,
  "ext/fragments/AssignOrderDialog.fragment.xml": 1629125993905,
  "i18n/i18n.properties": 1629289442478,
  "test/flpSandbox.html": 1629114659269,
  "localService/metadata.xml": 1629126374278,
  "localService/ZEAM_OBJPG_MAINTORDANDO_ANNO_MDL.xml": 1629126374282,
  "annotations/annotation.xml": 1629992415222,
  "index.html": 1629114659181
}