<?xml version="1.0" encoding="utf-8" ?>
<edmx:Edmx xmlns:edmx="http://docs.oasis-open.org/odata/ns/edmx" Version="4.0">
    <edmx:Reference Uri="/sap/bc/ui5_ui5/ui2/ushell/resources/sap/ushell/components/factsheet/vocabularies/UI.xml">
        <edmx:Include Alias="UI" Namespace="com.sap.vocabularies.UI.v1" />
    </edmx:Reference>
    <edmx:Reference Uri="/sap/opu/odata/sap/ZEAM_OBJPG_MAINTORDANDOPER_SRV/$metadata">
        <edmx:Include Alias="ZEAM_OBJPG_MAINTORDANDOPER_SRV" Namespace="ZEAM_OBJPG_MAINTORDANDOPER_SRV" />
    </edmx:Reference>
    <edmx:Reference Uri="https://oasis-tcs.github.io/odata-vocabularies/vocabularies/Org.OData.Aggregation.V1.xml">
        <edmx:Include Alias="Aggregation" Namespace="Org.OData.Aggregation.V1" />
    </edmx:Reference>
    <edmx:Reference Uri="https://oasis-tcs.github.io/odata-vocabularies/vocabularies/Org.OData.Authorization.V1.xml">
        <edmx:Include Alias="Auth" Namespace="Org.OData.Authorization.V1" />
    </edmx:Reference>
    <edmx:Reference Uri="https://oasis-tcs.github.io/odata-vocabularies/vocabularies/Org.OData.Capabilities.V1.xml">
        <edmx:Include Alias="Capabilities" Namespace="Org.OData.Capabilities.V1" />
    </edmx:Reference>
    <edmx:Reference Uri="https://wiki.scn.sap.com/wiki/download/attachments/448470974/Common.xml?api=v2">
        <edmx:Include Alias="Common" Namespace="com.sap.vocabularies.Common.v1" />
    </edmx:Reference>
    <edmx:Reference Uri="https://wiki.scn.sap.com/wiki/download/attachments/448470971/Communication.xml?api=v2">
        <edmx:Include Alias="Communication" Namespace="com.sap.vocabularies.Communication.v1" />
    </edmx:Reference>
    <edmx:Reference Uri="https://oasis-tcs.github.io/odata-vocabularies/vocabularies/Org.OData.Core.V1.xml">
        <edmx:Include Alias="Core" Namespace="Org.OData.Core.V1" />
    </edmx:Reference>
    <edmx:Reference Uri="https://oasis-tcs.github.io/odata-vocabularies/vocabularies/Org.OData.Measures.V1.xml">
        <edmx:Include Alias="Measures" Namespace="Org.OData.Measures.V1" />
    </edmx:Reference>
    <edmx:Reference Uri="https://oasis-tcs.github.io/odata-vocabularies/vocabularies/Org.OData.Validation.V1.xml">
        <edmx:Include Alias="Validation" Namespace="Org.OData.Validation.V1" />
    </edmx:Reference>
    <edmx:DataServices>
        <Schema xmlns="http://docs.oasis-open.org/odata/ns/edm">
            <Annotations Target="ZEAM_OBJPG_MAINTORDANDOPER_SRV.ZC_ObjPgMaintOrderAndOperationType/MaintOrderRoutingNumber">
                <Annotation Term="UI.Hidden" />
            </Annotations>
            <Annotations Target="ZEAM_OBJPG_MAINTORDANDOPER_SRV.ZC_ObjPgMaintOrderAndOperationType/OrderHasLongText_fc">
                <Annotation Term="UI.Hidden" />
            </Annotations>
            <Annotations Target="ZEAM_OBJPG_MAINTORDANDOPER_SRV.ZC_ObjPgMaintOrderAndOperationType">
                <Annotation Term="UI.Facets">
                    <Collection>
                        <Record Type="UI.CollectionFacet">
                            <PropertyValue Property="ID" String="GeneralInformation" />
                            <PropertyValue Property="Label" String="{@i18n&gt;@GeneralInfoFacetLabel}" />
                            <PropertyValue Property="Facets">
                                <Collection>
                                    <Record Type="UI.ReferenceFacet">
                                        <PropertyValue Property="Label" String="{@i18n&gt;@GeneralInfoFacetLabel}" />
                                        <PropertyValue Property="Target" AnnotationPath="@UI.Identification" />
                                    </Record>
                                </Collection>
                            </PropertyValue>
                        </Record>
                    </Collection>
                </Annotation>
                <Annotation Term="UI.LineItem">
                    <Collection>
                        <Record Type="UI.DataField">
                            <PropertyValue Property="Value" Path="MaintenanceOrder" />
                            <Annotation Term="UI.Importance" EnumMember="UI.ImportanceType/High" />
                        </Record>
                        <Record Type="UI.DataField">
                            <PropertyValue Property="Value" Path="MaintenanceOrderType" />
                            <Annotation Term="UI.Importance" EnumMember="UI.ImportanceType/High" />
                        </Record>
                        <Record Type="UI.DataField">
                            <PropertyValue Property="Value" Path="MaintenanceOrderOperation" />
                            <Annotation Term="UI.Importance" EnumMember="UI.ImportanceType/High" />
                        </Record>
                        <Record Type="UI.DataField">
                            <PropertyValue Property="Value" Path="TechnicalObjectLabel" />
                            <Annotation Term="UI.Importance" EnumMember="UI.ImportanceType/High" />
                        </Record>
                        <Record Type="UI.DataField">
                            <PropertyValue Property="Value" Path="WorkCenter" />
                            <Annotation Term="UI.Importance" EnumMember="UI.ImportanceType/High" />
                        </Record>
                    </Collection>
                </Annotation>
                 <Annotation Term="UI.HeaderInfo">
                    <Record>
                        <PropertyValue Property="TypeNamePlural" String="{@i18n&gt;appTitle}" />
                        <PropertyValue Property="ImageUrl" String="sap-icon://notification-2" />
                    </Record>
                </Annotation>
                <Annotation Term="UI.SelectionFields">
                    <Collection>
                        <PropertyPath>MaintenanceOrder</PropertyPath>
                        <PropertyPath>MaintenanceOrderType</PropertyPath>
                        <PropertyPath>TechnicalObjectLabel</PropertyPath>
                        <PropertyPath>MaintenanceOrderOperation</PropertyPath>
                    </Collection>
                </Annotation>
            </Annotations>
            <Annotations xmlns="http://docs.oasis-open.org/odata/ns/edm" Target="ZEAM_OBJPG_MAINTORDANDOPER_SRV.ZC_ObjPgMaintOrderAndOperationType/OperationPlannedWorkUnit">
                <Annotation Term="com.sap.vocabularies.Common.v1.ValueListWithFixedValues" Bool="true" />
                <Annotation Term="com.sap.vocabularies.Common.v1.ValueList">
                    <Record>
                        <PropertyValue Property="CollectionPath" String="ZI_PMTimeUnitVH" />
                        <PropertyValue Property="Parameters">
                            <Collection>
                                <Record Type="com.sap.vocabularies.Common.v1.ValueListParameterInOut">
                                    <PropertyValue Property="LocalDataProperty" PropertyPath="OperationPlannedWorkUnit" />
                                    <PropertyValue Property="ValueListProperty" String="UnitOfMeasure" />
                                </Record>
                            </Collection>
                        </PropertyValue>
                    </Record>
                </Annotation>
            </Annotations>
            <Annotations xmlns="http://docs.oasis-open.org/odata/ns/edm" Target="ZEAM_OBJPG_MAINTORDANDOPER_SRV.ZC_ObjPgMaintOrderAndOperationType/MaintenanceProcessingPhase">
                <Annotation Term="com.sap.vocabularies.Common.v1.Text" Path="to_MaintenanceOrderPhase/MaintenanceProcessingPhase_Text">
                    <Annotation Term="com.sap.vocabularies.UI.v1.TextArrangement" EnumMember="com.sap.vocabularies.UI.v1.TextArrangementType/TextLast" />
                </Annotation>
                <Annotation Term="Common.ValueList">
                    <Record>
                        <PropertyValue Property="Label" String="Maintenance Order Phase Value Help" />
                        <PropertyValue Property="CollectionPath" String="ZC_MaintenanceOrderPhaseVH" />
                        <PropertyValue Property="SearchSupported" Bool="false" />
                        <PropertyValue Property="Parameters">
                            <Collection>
                                <Record Type="Common.ValueListParameterInOut">
                                    <PropertyValue Property="LocalDataProperty" PropertyPath="MaintenanceProcessingPhase" />
                                    <PropertyValue Property="ValueListProperty" String="MaintenanceProcessingPhase" />
                                </Record>
                                <Record Type="Common.ValueListParameterDisplayOnly">
                                    <PropertyValue Property="ValueListProperty" String="MaintenanceProcessingPhaseDesc" />
                                </Record>
                            </Collection>
                        </PropertyValue>
                    </Record>
                </Annotation>
                 <Annotation Term="com.sap.vocabularies.Common.v1.ValueListWithFixedValues" Bool="true" />
            </Annotations>
            <Annotations xmlns="http://docs.oasis-open.org/odata/ns/edm" Target="ZEAM_OBJPG_MAINTORDANDOPER_SRV.ZC_ObjPgMaintOrderAndOperationType/MaintOrdMainWorkCenter">
                <Annotation Term="Common.ValueList">
                    <Record>
                        <PropertyValue Property="Label" String="Plant Maintenance Work Centers" />
                        <PropertyValue Property="CollectionPath" String="ZC_PMWorkCenterVH" />
                        <PropertyValue Property="SearchSupported" Bool="true" />
                        <PropertyValue Property="Parameters">
                            <Collection>
                                <Record Type="Common.ValueListParameterInOut">
                                    <PropertyValue Property="LocalDataProperty" PropertyPath="MaintOrdMainWorkCenter" />
                                    <PropertyValue Property="ValueListProperty" String="WorkCenter" />
                                </Record>
                                <Record Type="Common.ValueListParameterInOut">
                                    <PropertyValue Property="LocalDataProperty" PropertyPath="MaintOrdMainWorkCenterPlant" />
                                    <PropertyValue Property="ValueListProperty" String="Plant" />
                                </Record>
                                <Record Type="Common.ValueListParameterDisplayOnly">
                                    <PropertyValue Property="ValueListProperty" String="WorkCenterInternalID" />
                                </Record>
                                <Record Type="Common.ValueListParameterDisplayOnly">
                                    <PropertyValue Property="ValueListProperty" String="WorkCenterTypeCode" />
                                </Record>
                                <Record Type="Common.ValueListParameterDisplayOnly">
                                    <PropertyValue Property="ValueListProperty" String="WorkCenter_Text" />
                                </Record>
                                <Record Type="Common.ValueListParameterDisplayOnly">
                                    <PropertyValue Property="ValueListProperty" String="WorkCenterCategoryCode" />
                                </Record>
                            </Collection>
                        </PropertyValue>
                    </Record>
                </Annotation>
            </Annotations>
        </Schema>
    </edmx:DataServices>
</edmx:Edmx>
